"id","prediction"
1,"low"
3,"low"
5,"low"
6,"low"
8,"low"
11,"low"
12,"low"
14,"low"
17,"low"
19,"low"
20,"low"
48,"high"
50,"high"
53,"low"
64,"high"
66,"low"
72,"low"
75,"low"
88,"low"
89,"low"
94,"low"
97,"low"
101,"low"
103,"high"
108,"low"
117,"low"
122,"low"
124,"low"
125,"low"
134,"low"
135,"low"
142,"low"
155,"low"
159,"high"
161,"low"
162,"low"
165,"low"
185,"low"
189,"high"
204,"low"
207,"low"
213,"low"
218,"low"
227,"low"
229,"low"
234,"low"
246,"low"
248,"low"
258,"low"
262,"low"
270,"low"
278,"low"
283,"low"
291,"low"
292,"high"
307,"low"
311,"low"
313,"low"
315,"high"
318,"low"
319,"low"
321,"low"
325,"high"
334,"low"
335,"low"
337,"high"
338,"low"
341,"low"
342,"low"
344,"low"
352,"low"
361,"high"
362,"low"
364,"high"
373,"low"
376,"low"
377,"high"
378,"low"
381,"low"
383,"low"
392,"low"
394,"low"
395,"low"
399,"low"
407,"high"
409,"low"
426,"low"
436,"low"
437,"high"
445,"high"
448,"low"
451,"low"
453,"high"
461,"low"
462,"low"
463,"high"
465,"low"
469,"low"
470,"low"
476,"low"
479,"low"
484,"high"
486,"low"
505,"low"
509,"low"
511,"high"
515,"low"
517,"low"
518,"low"
519,"high"
523,"low"
527,"low"
545,"low"
551,"low"
554,"low"
555,"low"
560,"low"
564,"low"
567,"low"
580,"high"
581,"low"
590,"high"
591,"low"
595,"low"
602,"low"
607,"low"
608,"high"
611,"low"
614,"low"
615,"high"
620,"low"
627,"high"
629,"high"
638,"high"
649,"low"
650,"low"
659,"low"
664,"low"
672,"low"
681,"low"
683,"low"
689,"low"
692,"low"
701,"high"
703,"low"
707,"low"
708,"low"
710,"low"
721,"low"
728,"high"
732,"low"
734,"low"
750,"high"
763,"low"
775,"low"
782,"low"
785,"low"
786,"low"
793,"high"
796,"high"
797,"low"
801,"low"
809,"low"
816,"high"
818,"high"
825,"low"
826,"high"
829,"high"
837,"low"
849,"low"
853,"low"
859,"low"
861,"low"
863,"low"
871,"low"
874,"low"
878,"low"
885,"high"
886,"low"
887,"low"
895,"low"
898,"low"
903,"low"
904,"low"
917,"low"
923,"low"
934,"low"
936,"low"
938,"low"
946,"high"
949,"high"
953,"low"
954,"low"
957,"low"
958,"low"
959,"low"
961,"low"
962,"high"
968,"low"
970,"low"
982,"high"
984,"low"
987,"low"
997,"low"
1010,"low"
1014,"low"
1017,"low"
1018,"low"
1029,"low"
1030,"low"
1033,"low"
1034,"high"
1038,"low"
1041,"low"
1057,"low"
1067,"low"
1070,"low"
1071,"low"
1074,"low"
1075,"low"
1077,"low"
1078,"low"
1079,"low"
1099,"low"
1103,"low"
1107,"low"
1111,"low"
1112,"low"
1120,"low"
1129,"high"
1130,"low"
1133,"low"
1134,"low"
1135,"low"
1144,"low"
1147,"low"
1148,"low"
1156,"low"
1164,"low"
1168,"low"
1175,"low"
1176,"high"
1180,"low"
1184,"low"
1197,"low"
1201,"low"
1202,"high"
1211,"high"
1215,"low"
1217,"low"
1226,"low"
1228,"low"
1236,"low"
1247,"high"
1250,"low"
1253,"low"
1256,"low"
1261,"low"
1262,"low"
1270,"low"
1280,"low"
1285,"low"
1288,"low"
1290,"low"
1295,"low"
1300,"low"
1301,"low"
1302,"low"
1305,"low"
1311,"high"
1314,"low"
1316,"high"
1322,"high"
1356,"low"
1367,"low"
1373,"low"
1374,"low"
1379,"low"
1387,"low"
1392,"low"
1394,"low"
1406,"low"
1422,"low"
1425,"high"
1429,"low"
1430,"low"
1437,"low"
1439,"low"
1440,"low"
1443,"low"
1448,"low"
1451,"low"
1471,"low"
1472,"low"
1477,"low"
1479,"low"
1483,"low"
1486,"low"
1489,"low"
1492,"low"
1494,"low"
1499,"high"
1500,"low"
1522,"low"
1533,"low"
1534,"low"
1539,"low"
1541,"low"
1555,"low"
1559,"low"
1564,"low"
1571,"low"
1573,"low"
1578,"low"
1583,"high"
1588,"low"
1591,"low"
1593,"low"
1603,"low"
1606,"low"
1608,"low"
1613,"low"
1619,"low"
1622,"low"
1623,"low"
1624,"low"
1629,"low"
1633,"low"
1635,"low"
1640,"low"
1641,"high"
1650,"low"
1654,"high"
1665,"low"
1667,"low"
1669,"low"
1671,"low"
1681,"high"
1682,"low"
1688,"high"
1700,"low"
1703,"low"
1707,"low"
1716,"low"
1719,"low"
1720,"low"
1721,"low"
1723,"low"
1724,"low"
1726,"low"
1733,"low"
1754,"low"
1763,"low"
1764,"low"
1766,"low"
1769,"high"
1770,"low"
1773,"low"
1776,"low"
1781,"low"
1788,"low"
1797,"low"
1807,"low"
1814,"low"
1815,"high"
1832,"high"
1834,"low"
1835,"low"
1840,"low"
1842,"low"
1843,"low"
1844,"low"
1845,"low"
1846,"low"
1847,"high"
1849,"low"
1851,"low"
1853,"low"
1861,"low"
1863,"low"
1864,"high"
1865,"low"
1871,"low"
1874,"low"
1877,"low"
1881,"low"
1884,"low"
1886,"low"
1887,"low"
1889,"low"
1890,"low"
1891,"low"
1895,"low"
1899,"low"
1913,"low"
1928,"low"
1929,"low"
1930,"low"
1931,"low"
1938,"low"
1949,"high"
1955,"high"
1963,"low"
1968,"low"
1971,"low"
1975,"low"
1980,"low"
1983,"low"
1986,"low"
2000,"high"
2005,"low"
2018,"low"
2021,"high"
2035,"low"
2037,"low"
2040,"high"
2045,"low"
2046,"low"
2058,"low"
2059,"low"
2070,"low"
2074,"low"
2075,"low"
2077,"low"
2082,"high"
2084,"low"
2085,"low"
2091,"low"
2092,"low"
2096,"low"
2101,"low"
2104,"low"
2112,"high"
2113,"low"
2116,"low"
2119,"low"
2130,"low"
2131,"high"
2134,"low"
2141,"low"
2142,"low"
2148,"low"
2151,"low"
2155,"low"
2158,"low"
2159,"high"
2162,"low"
2163,"low"
2164,"low"
2168,"low"
2169,"low"
2172,"low"
2178,"high"
2181,"low"
2190,"high"
2199,"low"
2200,"low"
2206,"low"
2217,"high"
2225,"low"
2226,"low"
2230,"low"
2236,"low"
2237,"low"
2241,"low"
2246,"high"
2251,"low"
2265,"low"
2266,"low"
2270,"high"
2279,"low"
2282,"low"
2290,"low"
2307,"high"
2319,"low"
2330,"high"
2345,"low"
2346,"low"
2355,"low"
2360,"low"
2367,"low"
2370,"low"
2375,"high"
2379,"low"
2385,"low"
2388,"high"
2393,"low"
2405,"low"
2409,"low"
2415,"low"
2416,"low"
2417,"low"
2419,"low"
2431,"low"
2439,"low"
2440,"low"
2452,"high"
2455,"low"
2464,"low"
2466,"high"
2467,"low"
2473,"low"
2474,"low"
2475,"low"
2482,"low"
2487,"low"
2496,"high"
2499,"low"
2511,"low"
2524,"low"
2535,"low"
2540,"low"
2543,"high"
2553,"high"
2554,"low"
2572,"low"
2578,"low"
2590,"low"
2599,"low"
2605,"low"
2606,"low"
2609,"low"
2612,"low"
2613,"low"
2617,"low"
2619,"high"
2620,"low"
2623,"low"
2625,"low"
2634,"low"
2635,"low"
2653,"low"
2663,"low"
2667,"low"
2674,"low"
2676,"high"
2677,"low"
2679,"high"
2685,"low"
2687,"low"
2694,"high"
2696,"low"
2704,"low"
2707,"low"
2712,"low"
2715,"low"
2717,"low"
2722,"low"
2723,"low"
2728,"low"
2729,"low"
2733,"high"
2739,"low"
2740,"low"
2741,"low"
2744,"low"
2759,"low"
2762,"low"
2763,"low"
2766,"low"
2768,"low"
2769,"low"
2784,"low"
2785,"low"
2789,"low"
2791,"low"
2793,"low"
2800,"low"
2803,"low"
2804,"low"
2818,"low"
2824,"low"
2826,"high"
2834,"low"
2839,"low"
2840,"high"
2847,"low"
2867,"low"
2869,"low"
2870,"high"
2871,"low"
2883,"low"
2884,"low"
2888,"low"
2890,"low"
2894,"low"
2896,"low"
2902,"low"
2903,"low"
2904,"high"
2916,"low"
2919,"low"
2923,"low"
2934,"low"
2948,"low"
2949,"low"
2952,"low"
2963,"low"
2965,"low"
2969,"low"
2980,"high"
2983,"low"
2986,"low"
2989,"high"
2999,"low"
3002,"low"
3005,"low"
3014,"low"
3020,"low"
3022,"low"
3024,"low"
3028,"low"
3029,"low"
3035,"low"
3037,"low"
3039,"high"
3052,"low"
3059,"low"
3061,"low"
3063,"high"
3066,"low"
3071,"low"
3081,"high"
3082,"high"
3088,"low"
3105,"low"
3112,"high"
3113,"low"
3115,"low"
3124,"low"
3128,"low"
3133,"high"
3147,"low"
3148,"low"
3150,"low"
3153,"low"
3158,"low"
3173,"high"
3177,"low"
3187,"low"
3190,"low"
3194,"low"
3219,"low"
3222,"low"
3230,"low"
3233,"low"
3235,"low"
3236,"low"
3244,"low"
3255,"low"
3259,"low"
3263,"low"
3264,"low"
3265,"low"
3266,"low"
3281,"high"
3283,"high"
3284,"high"
3286,"low"
3305,"low"
3308,"low"
3317,"low"
3318,"low"
3329,"low"
3330,"low"
3339,"low"
3343,"low"
3349,"low"
3355,"high"
3358,"low"
3363,"high"
3371,"low"
3376,"low"
3391,"low"
3401,"high"
3409,"low"
3410,"low"
3411,"low"
3413,"low"
3415,"high"
3418,"low"
3421,"low"
3423,"low"
3424,"low"
3433,"low"
3444,"low"
3450,"high"
3456,"low"
3465,"low"
3472,"low"
3474,"low"
3477,"high"
3483,"high"
3489,"low"
3491,"low"
3512,"low"
3513,"low"
3521,"high"
3522,"high"
3525,"low"
3532,"low"
3539,"high"
3541,"low"
3548,"low"
3555,"low"
3559,"low"
3560,"low"
3563,"high"
3574,"low"
3597,"low"
3598,"low"
3599,"low"
3600,"low"
3602,"low"
3608,"low"
3610,"low"
3616,"low"
3618,"low"
3624,"low"
3627,"low"
3631,"low"
3633,"low"
3637,"low"
3640,"low"
3643,"low"
3644,"low"
3646,"low"
3652,"high"
3656,"low"
3658,"low"
3667,"low"
3670,"high"
3672,"low"
3673,"low"
3674,"low"
3681,"high"
3683,"low"
3688,"low"
3698,"low"
3702,"low"
3705,"low"
3707,"low"
3709,"low"
3715,"low"
3718,"low"
3723,"low"
3727,"low"
3731,"low"
3735,"low"
3736,"low"
3740,"low"
3742,"low"
3745,"low"
3747,"low"
3762,"low"
3764,"low"
3767,"low"
3769,"low"
3770,"low"
3771,"low"
3774,"high"
3784,"low"
3788,"low"
3789,"low"
3792,"low"
3794,"high"
3805,"low"
3808,"high"
3810,"high"
3813,"low"
3816,"low"
3819,"high"
3822,"low"
3826,"low"
3827,"low"
3830,"low"
3838,"low"
3846,"low"
3848,"low"
3854,"low"
3861,"low"
3862,"low"
3865,"low"
3866,"high"
3878,"low"
3882,"low"
3898,"low"
3901,"low"
3913,"low"
3915,"low"
3919,"high"
3920,"low"
3927,"low"
3936,"low"
3937,"low"
3945,"low"
3947,"low"
3950,"low"
3951,"low"
3953,"low"
3962,"low"
3963,"low"
3964,"low"
3965,"low"
3968,"high"
3971,"high"
3974,"low"
3985,"low"
3988,"low"
3989,"low"
3991,"low"
3997,"low"
4000,"low"
4016,"high"
4018,"low"
4024,"high"
4026,"low"
4035,"high"
4038,"low"
4039,"low"
4045,"low"
4047,"low"
4056,"low"
4058,"low"
4065,"low"
4084,"low"
4090,"low"
4098,"low"
4104,"low"
4109,"low"
4112,"low"
4118,"low"
4123,"low"
4126,"high"
4128,"low"
4136,"low"
4138,"low"
4140,"low"
4141,"low"
4143,"low"
4154,"high"
4164,"high"
4172,"low"
4174,"low"
4185,"low"
4187,"low"
4191,"high"
4205,"low"
4206,"low"
4207,"high"
4214,"low"
4215,"low"
4224,"low"
4227,"low"
4243,"low"
4247,"low"
4250,"low"
4259,"high"
4260,"low"
4271,"low"
4279,"low"
4283,"low"
4292,"high"
4296,"low"
4302,"high"
4305,"low"
4309,"low"
4312,"high"
4316,"low"
4320,"low"
4323,"low"
4329,"low"
4331,"low"
4340,"low"
4341,"low"
4353,"low"
4360,"low"
4361,"low"
4366,"low"
4367,"high"
4369,"low"
4378,"high"
4379,"low"
4380,"low"
4391,"low"
4402,"low"
4420,"low"
4422,"low"
4425,"low"
4431,"low"
4433,"low"
4434,"low"
4447,"high"
4450,"low"
4461,"low"
4469,"low"
4474,"low"
4476,"low"
4480,"low"
4491,"low"
4493,"low"
4495,"low"
4509,"low"
4510,"high"
4515,"low"
4519,"low"
4530,"low"
4543,"low"
4547,"low"
4550,"low"
4558,"low"
4564,"low"
4565,"low"
4570,"high"
4574,"low"
4578,"low"
4591,"low"
4593,"low"
4599,"low"
4600,"high"
4602,"low"
4607,"low"
4621,"low"
4623,"high"
4628,"low"
4630,"low"
4633,"low"
4634,"low"
4637,"low"
4640,"high"
4650,"low"
4659,"low"
4661,"low"
4665,"low"
4676,"low"
4680,"low"
4684,"low"
4688,"low"
4689,"low"
4690,"low"
4695,"high"
4701,"low"
4703,"high"
4706,"low"
4712,"low"
4720,"high"
4721,"low"
4722,"high"
4740,"low"
4754,"high"
4757,"low"
4760,"low"
4770,"low"
4778,"high"
4779,"low"
4781,"high"
4782,"low"
4791,"low"
4796,"low"
4797,"low"
4799,"high"
4803,"low"
4805,"low"
4820,"low"
4822,"high"
4824,"high"
4826,"low"
4827,"low"
4830,"low"
4833,"high"
4847,"high"
4849,"low"
4854,"low"
4860,"low"
4865,"low"
4867,"low"
4871,"low"
4881,"low"
4891,"low"
4896,"low"
4902,"high"
4912,"low"
4918,"low"
4926,"low"
4934,"high"
4937,"low"
4944,"low"
4946,"low"
4947,"low"
4954,"low"
4955,"low"
4968,"high"
4973,"low"
4974,"high"
4975,"low"
4977,"high"
4987,"low"
4998,"low"
5000,"low"
5001,"high"
